t,x1,x2
0,0.0,0.0
10,4.02788029584005E-4,-2.013278760003873E-4
20,0.0014260151096064625,-6.534637532540299E-4
30,0.002795848216678382,-0.0011438292886402166
40,0.004378725259596225,-0.00159031436816608
50,0.006105242907782486,-0.001966721006940143
60,0.007936091236866213,-0.002270007534517925
70,0.009846685170691583,-0.0025060220853293487
80,0.011820129237575862,-0.002683394770735292
90,0.013843912905711474,-0.0028110134534274434
100,0.01590828968378097,-0.0028970595869648175
110,0.018005427593049014,-0.0029487113177139113
120,0.020128922465138477,-0.0029721217922678393
130,0.02227348959331684,-0.002972502076089038
140,0.024434749161328588,-0.0029542357877919423
150,0.026609065615162922,-0.002920995445252622
160,0.028793421354106653,-0.0028758491739702043
170,0.030985314390885164,-0.002821354391325826
180,0.03318267400430236,-0.0027596383512223967
190,0.03538379056702054,-0.0026924666646611327
200,0.03758725687351392,-0.002621301273012064
210,0.039791918955398554,-0.0025473493554081725
220,0.04199683479590567,-0.0024716045228708565
230,0.04420123965372598,-0.0023948814844738757
240,0.046404516931541594,-0.0023178452039322797
250,0.04860617370242892,-0.002241035412932711
260,0.050805820151881065,-0.0021648872143956825
270,0.05300315231259442,-0.002089748394536999
280,0.055197937568642844,-0.002015893965365414
290,0.057390002488940536,-0.0019435383769720455
300,0.0595792226197862,-0.001872845769516726
310,0.06176551392501602,-0.0018039385762761637
320,0.06394882561168741,-0.0017369047398097595
330,0.06612913412076984,-0.001671803761781769
340,0.06830643809728452,-0.0016086717720285304
350,0.07048075418375901,-0.001547525773041479
360,0.0726521135056252,-0.0014883671912763533
370,0.0740149819555479,-0.0010285287323217457
380,0.07413410890360203,-6.902875902268374E-5
390,0.07355721977276616,9.650050163691748E-4
400,0.07255150323348414,0.0019093879244405781
410,0.07125583429061146,0.002711764564653371
420,0.0697489038984987,0.0033660959250587305
430,0.0680799551509013,0.003884125351575979
440,0.06628285299686268,0.004283162067321301
450,0.06438269293385245,0.004581032046996388
460,0.0623990422866426,0.004794149144770568
470,0.06034763884156588,0.0049369208489003225
480,0.0582413639120789,0.00502170453202282
490,0.05609085876651525,0.005058972994447648
500,0.053701905624070595,0.005463772774106354
510,0.051031995379623385,0.006462901350593433
520,0.04830169029043453,0.007786208741632144
530,0.04559887812879582,0.009304069792055263
540,0.04295417046841622,0.010950742944724864
550,0.0403740942350475,0.012690132547261432
560,0.037855603795012946,0.014500396260586157
570,0.03539234169962275,0.016366943224738896
580,0.0329772677236947,0.01827918126978611
590,0.030603700608341847,0.020228950182776283
600,0.028265675503022315,0.022209722398557334
610,0.025958014471042627,0.024216160588991596
620,0.0236762836688822,0.02624384746281984
630,0.021416711989986067,0.028289103662085004
640,0.01917610248641005,0.030348854594517277
650,0.01695174889347489,0.03242052727199925
660,0.014741361408686501,0.034501967444888565
670,0.01254300245925808,0.03659137161907589
680,0.010355031852398599,0.03868723062364244
690,0.008176060255652942,0.040788282467379235
700,0.006004909880521856,0.04289347282128071
710,0.0038405813142241355,0.045001921834190946
720,0.0016822255641697793,0.04711289624083824
730,-6.809074028873985E-5,0.0490244576697539
740,-0.0011933313009215019,0.05068661918811562
750,-0.0019678544315089933,0.052311539614511626
760,-0.002525670989143282,0.053980982143525
770,-0.0029365685411936668,0.055720858846501096
780,-0.0032401867663066075,0.05753397667330705
790,-0.003461394450108027,0.0594142956839432
800,-0.0036173318263229594,0.06135302990424529
810,-0.003720721216636892,0.06334116568424253
820,-0.003781492963442906,0.0653704209239835
830,-0.0038076391993610154,0.06743353782293493
840,-0.003805704125024803,0.0695243010857918
850,-0.003781095372813126,0.0716374520742188
860,-0.003332204890736566,0.07295611243532549
870,-0.0023630656263338365,0.07303777737150868
880,-0.0013057002212883695,0.07243203108631252
890,-3.2832328854993237E-4,0.07140588041842749
900,5.141134963910013E-4,0.0700972776913302
910,0.0012137475747823617,0.06858380058304069
920,0.001780956348103345,0.06691361031914689
930,0.002231982435273748,0.06511960130893604
940,0.00258379879516369,0.06322602968763988
950,0.0028521287360318698,0.0612517502792079
960,0.003050817994487205,0.059211902281136465
970,0.0031917667986846587,0.05711886730542752
980,0.0032850769074935122,0.054982871337167075
990,0.0033392659010491495,0.05281240068396932
1000,0.003361487656149475,0.05061451179265179
1010,0.003357735668194979,0.04839507410277055
1020,0.003333022020840924,0.04615896646028624
1030,0.0032915314632924325,0.043910238845919554
1040,0.0032367525882748653,0.04165224686379007
1050,0.003171588873598967,0.03938776417137308
1060,0.003098452394122715,0.037119076729921
1070,0.0030193427799288935,0.03484806192666763
1080,0.002935913683307796,0.03257625504220653
1090,0.002849528700805371,0.030304905102715357
1100,0.002761308406986022,0.02803502181502685
1110,0.0026721699024413025,0.0257674150053432
1120,0.0025828600600996555,0.02350272775367817
1130,0.002493983467972581,0.021241464225654073
1140,0.0024060259090889786,0.01898401304388716
1150,0.0023193740865065753,0.016730666907442588
1160,0.0022343321892880517,0.01448163905544669
1170,0.002151135800985228,0.012237077076428083
1180,0.0020699635727358112,0.009997074485445888
1190,0.0019909470162028284,0.007761680424158007
1200,0.0019141787152962921,0.005530907782679869
1210,0.001839719208237743,0.003304739994701639
1220,0.0015645544556701103,0.0014893667173619882
1230,0.0010388479425514098,3.0413219384748275E-4
1240,4.770550941337917E-4,-5.273730048827207E-4
1250,-3.802450960793918E-5,-0.0011400224913864709
1260,-4.8001452474639864E-4,-0.001603953702605152
1270,-8.459081901904881E-4,-0.0019589403660940498
1280,-0.0011416715832931936,-0.002229899144478093
1290,-0.0013760796056950472,-0.0024339877187558264
1300,-0.0015581681729915481,-0.0025839386807055584
1310,-0.001696260726711636,-0.0026896945509484816
1320,-0.0017976681617298156,-0.0027592645538616766
1330,-0.001868666544565474,-0.002799215375020589
1340,-0.001914580468444041,-0.002814982027761965
1350,-0.001939898476574612,-0.002811084157426265
1360,-0.0019483902672419672,-0.0027912879675569924
1370,-0.0019432142191787133,-0.0027587335601748776
1380,-0.0019270118124734537,-0.002716038126324653
1390,-0.0019019888219645056,-0.0026653810111374235
1400,-0.0018699844033340145,-0.002608574499922494
1410,-0.0018325295574699906,-0.002547123019948345
1420,-0.001790896464119826,-0.0024822727851494166
1430,-0.0017461400464937281,-0.0024150534832096116
1440,-0.001699132960185353,-0.002346313303833684
1450,-0.001650595031785189,-0.0022767483803299393
1460,-0.0016011180194853874,-0.002206927537519813
1470,-0.001551186433954244,-0.002137313093425123
1480,-0.0015011950426610996,-0.002068278341967033
1490,-0.0014514635829409191,-0.0020001222437492786
1500,-0.0014022491262451313,-0.0019330817681492876
1510,-0.0013537564661002565,-0.0018673422595699514
1520,-0.0013061468433546283,-0.0018030461415662771
1530,-0.0012595452726464266,-0.0017403002228270135
1540,-0.0012140466922236292,-0.001679181827150496
1550,-0.0011697211240559505,-0.0016197439343468886
1560,-0.001126618001557768,-0.0015620194893709517
1570,-0.001084769797309424,-0.0015060250120551557
1580,-0.0010441950621804881,-0.0014517636188282868
1590,-0.0010049009695977922,-0.001399227550143912
1600,-9.668854438373248E-4,-0.0013484002824796447
1610,-9.301389387095363E-4,-0.0012992582912590912
1620,-8.94645922479529E-4,-0.0012517725205208037
1630,-8.603861160032264E-4,-0.001205909606298712
1640,-8.273355236038671E-4,-0.0011616328932222888
1650,-7.954672899377675E-4,-0.0011189032775698227
1660,-7.647524108171815E-4,-0.0010776799047275561
1670,-7.351603215137966E-4,-0.0010379207445636474
1680,-7.06659382326412E-4,-9.995830644864017E-4
1690,-6.792172780491269E-4,-9.62623816809441E-4
1700,-6.528013453280166E-4,-9.269999543985951E-4
1710,-6.273788396658148E-4,-8.9266868634725E-4
1720,-6.029171519590175E-4,-8.5958768355221E-4
1730,-5.793839828741274E-4,-8.277152424848341E-4
1740,-5.56747482042351E-4,-7.970104141251853E-4
1750,-5.349763579352967E-4,-7.674331039105496E-4
1760,-5.14039963344728E-4,-7.389441476105452E-4
1770,-4.939083605991259E-4,-7.115053672510969E-4
1780,-4.74552369985052E-4,-6.850796105451306E-4
1790,-4.559436042822079E-4,-6.596307767290708E-4
1800,-4.3805449185088874E-4,-6.351238312343516E-4
1810,-4.2085829031515796E-4,-6.115248112280835E-4
1820,-4.0432909255264994E-4,-5.888008237249001E-4
1830,-3.884418264224661E-4,-5.669200376928538E-4
1840,-3.7317224942776E-4,-5.458516713416416E-4
1850,-3.5849693931224423E-4,-5.255659755843467E-4
1860,-3.4439328142404067E-4,-5.060342144983321E-4
1870,-3.3083945354102834E-4,-4.8722864347191234E-4
1880,-3.178144087349126E-4,-4.691224856067357E-4
1890,-3.05297856753089E-4,-4.516899068479041E-4
1900,-2.9327024431502637E-4,-4.349059902317317E-4
1910,-2.81712734650835E-4,-4.187467095722096E-4
1920,-2.706071865517986E-4,-4.0318890284957046E-4
1930,-2.5993613315416174E-4,-3.882102455160666E-4
1940,-2.4968276063687357E-4,-3.737892238936864E-4
1950,-2.398308869800405E-4,-3.599051088047777E-4
1960,-2.3036494090247143E-4,-3.465379295483688E-4
1970,-2.2126994107302052E-4,-3.3366844831147737E-4
1980,-2.1253147567069247E-4,-3.2127813508513615E-4
1990,-2.0413568235204242E-4,-3.0934914313860025E-4
2000,-1.9606922867075003E-4,-2.97864285091713E-4
2010,-1.8831929298292056E-4,-2.8680700961424086E-4
2020,-1.808735458623009E-4,-2.761613787717753E-4
2030,-1.737201320418663E-4,-2.6591204603021885E-4
2040,-1.6684765289188056E-4,-2.560442349246608E-4
2050,-1.6024514943932696E-4,-2.4654371839338574E-4
2060,-1.5390208592936598E-4,-2.373967987736481E-4
2070,-1.4780833392603903E-4,-2.2859028845254275E-4
2080,-1.4195415694667288E-4,-2.2011149116366233E-4
2090,-1.3633019562223783E-4,-2.119481839181515E-4
2100,-1.3092745337417496E-4,-2.0408859955715173E-4
2110,-1.2573728259686307E-4,-1.965214099113971E-4
2120,-1.2075137133387085E-4,-1.8923570955280906E-4
2130,-1.1596173043538409E-4,-1.82221000122289E-4
2140,-1.1136068118366306E-4,-1.7546717521747606E-4
2150,-1.0694084337303156E-4,-1.689645058239853E-4
2160,-1.0269512383069703E-4,-1.6270362627353508E-4
2170,-9.861670536461941E-5,-1.5667552071238554E-4
2180,-9.469903612466555E-5,-1.5087151006362E-4
2190,-9.093581936338539E-5,-1.4528323946698765E-4
2200,-8.732100358290893E-5,-1.399026661802748E-4
2210,-8.384877305467838E-5,-1.347220479264688E-4
2220,-8.051353869898469E-5,-1.2973393167131333E-4
2230,-7.730992931156321E-5,-1.2493114281621675E-4
2240,-7.423278312481228E-5,-1.2030677479185824E-4
2250,-7.127713969152495E-5,-1.15854179038235E-4
2260,-6.84382320793613E-5,-1.1156695535730123E-4
2270,-6.571147936463418E-5,-1.0743894262476203E-4
2280,-6.30924794143304E-5,-1.0346420984799996E-4
2290,-6.0577001945639396E-5,-9.963704755752513E-5
2300,-5.8160981852610126E-5,-9.595195951974994E-5
2310,-5.584051278990298E-5,-9.240365475929382E-5
2320,-5.361184100394408E-5,-8.898703987942238E-5
2330,-5.1471359402124715E-5,-8.569721166961489E-5
2340,-4.941560185101697E-5,-8.252944998963678E-5
2350,-4.7441237694897424E-5,-7.947921091986584E-5
2360,-4.5545066486183704E-5,-7.654212016798435E-5
2370,-4.372401291969284E-5,-7.371396672250175E-5
2380,-4.197512196292679E-5,-7.099069674391565E-5
2390,-4.0295554174876655E-5,-6.836840768465106E-5
2400,-3.8682581206115936E-5,-6.584334262923999E-5
2410,-3.7133581473221906E-5,-6.341188484651485E-5
2420,-3.5646036000824924E-5,-6.107055254589136E-5
2430,-3.4217524424837006E-5,-5.881599383010726E-5
2440,-3.284572115065392E-5,-5.664498183706536E-5
2450,-3.1528391660360116E-5,-5.4554410063700945E-5
2460,-3.026338896319167E-5,-5.254128786505609E-5
2470,-2.9048650183731013E-5,-5.0602736121996544E-5
2480,-2.7882193282517624E-5,-4.873598307125106E-5
2490,-2.6762113903961498E-5,-4.693836029168829E-5
2500,-2.5686582346641752E-5,-4.5207298840973624E-5
2510,-2.465384065126073E-5,-4.354032553696664E-5
2520,-2.366219980170533E-5,-4.193505937843094E-5
2530,-2.2710037034841452E-5,-4.038920809983093E-5
2540,-2.179579325483571E-5,-3.8900564855185775E-5
2550,-2.0917970547959772E-5,-3.746700502613916E-5
2560,-2.0075129793988606E-5,-3.608648314958472E-5
2570,-1.926588837045316E-5,-3.475702996036193E-5
2580,-1.8488917946152246E-5,-3.347674954470526E-5
2590,-1.774294236046674E-5,-3.224381660029138E-5
2600,-1.70267355851525E-5,-3.1056473798885205E-5
2610,-1.6339119765416504E-5,-2.991302924773555E-5
2620,-1.5678963337204022E-5,-2.881185404601575E-5
2630,-1.5045179217743135E-5,-2.7751379932743563E-5
2640,-1.4436723066506884E-5,-2.6730097022748786E-5
2650,-1.3852591613863082E-5,-2.5746551627385633E-5
2660,-1.3291821054787143E-5,-2.4799344156811096E-5
2670,-1.2753485505114703E-5,-2.388712710076996E-5
2680,-1.2236695517908359E-5,-2.3008603084941884E-5
2690,-1.1740596657606483E-5,-2.216252300001674E-5
2700,-1.1264368129712319E-5,-2.134768420077073E-5
2710,-1.0807221463868196E-5,-2.0562928772518306E-5
2720,-1.0368399248243013E-5,-1.9807141862413505E-5
2730,-9.94717391324132E-6,-1.9079250073169212E-5
2740,-9.542846562619315E-6,-1.8378219916854203E-5
2750,-9.154745850167215E-6,-1.770305632651571E-5
2760,-8.782226900188611E-6,-1.705280122345979E-5
2770,-8.424670270075922E-6,-1.642653213810336E-5
2780,-8.081480953346892E-6,-1.5823360882389897E-5
2790,-7.752087421570393E-6,-1.5242432271836362E-5
2800,-7.43594070367057E-6,-1.46829228953514E-5
2810,-7.132513501156972E-6,-1.4144039931034792E-5
2820,-6.84129933788447E-6,-1.3625020006235244E-5
2830,-6.561811743000894E-6,-1.3125128100208345E-5
2840,-6.293583465792256E-6,-1.2643656487778817E-5
2850,-6.036165721185468E-6,-1.2179923722471009E-5
2860,-5.789127464716462E-6,-1.1733273657629322E-5
2870,-5.552054695817796E-6,-1.1303074504105703E-5
2880,-5.32454978832434E-6,-1.0888717923144764E-5
2890,-5.10623084713818E-6,-1.0489618153148495E-5
2900,-4.896731090035042E-6,-1.0105211169051979E-5
2910,-4.695698253633945E-6,-9.734953873089143E-6
2920,-4.502794022589705E-6,-9.378323315773403E-6
2930,-4.317693481104428E-6,-9.034815945962087E-6
2940,-4.1400845858891295E-6,-8.703946888916096E-6
2950,-3.969667659740364E-6,-8.385249251306938E-6
2960,-3.8061549049291244E-6,-8.078273452162687E-6
2970,-3.649269935630388E-6,-7.782586578782228E-6
2980,-3.4987473286516993E-6,-7.4977717666835165E-6
2990,-3.354332191747869E-6,-7.223427602686653E-6
3000,-3.2157797488366094E-6,-6.9591675502663085E-6
3010,-3.0828549414564827E-6,-6.704619396340426E-6
3020,-2.9553320458341237E-6,-6.45942471869345E-6
3030,-2.8329943049522746E-6,-6.223238373262309E-6
3040,-2.7156335750337833E-6,-5.995728000542375E-6
3050,-2.6030499858794564E-6,-5.7765735503984204E-6
3060,-2.4950516145194625E-6,-5.5654668245924354E-6
3070,-2.3914541716589914E-6,-5.36211103636592E-6
3080,-2.292080700419035E-6,-5.166220386439111E-6
3090,-2.1967612868925638E-6,-4.9775196548135046E-6
3100,-2.1053327820549963E-6,-4.795743807787002E-6
3110,-2.0176385345858086E-6,-4.620637619613153E-6
3120,-1.933528134175328E-6,-4.451955308257284E-6
3130,-1.852857164907331E-6,-4.28946018472276E-6
3140,-1.7754869683239839E-6,-4.132924315440405E-6
3150,-1.701284415794956E-6,-3.982128197233052E-6
3160,-1.630121689827252E-6,-3.8368604443855174E-6
3170,-1.561876073966445E-6,-3.6969174873678356E-6
3180,-1.4964297509535769E-6,-3.5621032827765535E-6
3190,-1.4336696088150668E-6,-3.4322290340751733E-6
3200,-1.3734870545755124E-6,-3.307112922730512E-6
3210,-1.3157778352953463E-6,-3.186579849356834E-6
3220,-1.2604418661469114E-6,-3.0704611844941597E-6
3230,-1.2073830652536647E-6,-2.9585945286611223E-6
3240,-1.156509195027944E-6,-2.8508234813362084E-6
3250,-1.1077317097530306E-6,-2.7469974185341715E-6
3260,-1.0609656091651534E-6,-2.646971278656879E-6
3270,-1.0161292978005797E-6,-2.550605356309855E-6
3280,-9.731444498821148E-7,-2.4577651037873143E-6
3290,-9.319358795280987E-7,-2.3683209399396353E-6
3300,-8.924314160754659E-7,-2.282148066147883E-6
3310,-8.545617843165406E-7,-2.1991262891403112E-6
3320,-8.182604894570591E-7,-2.1191398503956983E-6
3330,-7.834637066104176E-7,-2.0420772618878763E-6
3340,-7.501101746503488E-7,-1.9678311479350384E-6
3350,-7.181410942511792E-7,-1.896298092926219E-6
3360,-6.875000299514707E-7,-1.827378494705864E-6
3370,-6.581328160832654E-7,-1.7609764234055972E-6
3380,-6.299874664153036E-7,-1.696999485520164E-6
3390,-6.030140873645076E-7,-1.63535869303213E-6
3400,-5.771647946357071E-7,-1.57596833739721E-6
3410,-5.523936331550522E-7,-1.5187458682091317E-6
3420,-5.286565001678132E-7,-1.463611776369711E-6
3430,-5.059110713763134E-7,-1.4104894815963175E-6
3440,-4.841167299985997E-7,-1.35930522410519E-6
3450,-4.632344986331166E-7,-1.3099879603150862E-6
3460,-4.432269738191319E-7,-1.2624692624215635E-6
3470,-4.240582631869752E-7,-1.2166832216977779E-6
3480,-4.0569392509628634E-7,-1.1725663553830681E-6
3490,-3.8810091066445516E-7,-1.1300575170257722E-6
3500,-3.712475080912562E-7,-1.0890978101517125E-6
3510,-3.551032891893587E-7,-1.0496305051345777E-6
3520,-3.396390580339259E-7,-1.0116009591490591E-6
3530,-3.248268016479127E-7,-9.749565390920373E-7
3540,-3.106396426429329E-7,-9.396465473613997E-7
3550,-2.9705179373870566E-7,-9.0562215038619E-7
3560,-2.8403851408710104E-7,-8.728363098057546E-7
3570,-2.7157606732970543E-7,-8.412437161993694E-7
3580,-2.596416813206066E-7,-8.108007252715072E-7
3590,-2.4821350944877716E-7,-7.814652964014406E-7
3600,-2.3727059349700308E-7,-7.531969334692823E-7
3610,-2.2679282797677623E-7,-7.259566278738418E-7
3620,-2.1676092588094318E-7,-6.997068036608319E-7
3630,-2.071563857981847E-7,-6.744112646829993E-7
3640,-1.9796146033559285E-7,-6.50035143716672E-7
3650,-1.8915912579771912E-7,-6.265448534620346E-7
3660,-1.8073305307249283E-7,-6.039080393571502E-7
3670,-1.7266757967635406E-7,-5.820935341383567E-7
3680,-1.6494768291281587E-7,-5.610713140821744E-7
3690,-1.5755895410046703E-7,-5.408124568662779E-7
3700,-1.5048757382815312E-7,-5.212891009894172E-7
3710,-1.4372028819673415E-7,-5.024744066924024E-7
3720,-1.372443860084096E-7,-4.843425183244331E-7
3730,-1.310476768661359E-7,-4.668685281011202E-7
3740,-1.2511847014713199E-7,-4.500284412025517E-7
3750,-1.194455548158846E-7,-4.337991421616731E-7
3760,-1.1401818004342415E-7,-4.1815836249510687E-7
3770,-1.088260366009478E-7,-4.0308464953031643E-7
3780,-1.0385923899712231E-7,-3.8855733638473666E-7
3790,-9.910830832960542E-8,-3.7455651305414424E-7
3800,-9.456415582248284E-8,-3.6106299856912996E-7
3810,-9.021806702243234E-8,-3.4805831418006807E-7
3820,-8.606168662749624E-8,-3.3552465753245003E-7
3830,-8.208700392337174E-8,-3.2344487779586766E-7
3840,-7.828633880311642E-8,-3.1180245171129816E-7
3850,-7.465232834711598E-8,-3.00581460522657E-7
3860,-7.117791394107284E-8,-2.8976656775985025E-7
3870,-6.7856328910651E-8,-2.7934299784177735E-7
3880,-6.468108665225443E-8,-2.692965154689064E-7
3890,-6.164596924022527E-8,-2.5961340577617594E-7
3900,-5.8745016491526026E-8,-2.502804552180617E-7
3910,-5.597251546971591E-8,-2.412849331586947E-7
3920,-5.3322990410750004E-8,-2.326145741409254E-7
3930,-5.079119305381881E-8,-2.2425756080919616E-7
3940,-4.8372093361108434E-8,-2.1620250746202125E-7
3950,-4.6060870610998054E-8,-2.084384442107699E-7
3960,-4.385290484982291E-8,-2.0095480172231545E-7
3970,-4.1743768687918204E-8,-1.937413965239457E-7
3980,-3.972921942622436E-8,-1.8678841684973262E-7
3990,-3.780519150027541E-8,-1.8008640900833146E-7
4000,-3.596778922891445E-8,-1.7362626425292298E-7
4010,-3.4213279855579374E-8,-1.6739920613472883E-7
4020,-3.253808687048392E-8,-1.6139677832221857E-7
4030,-3.0938783602480616E-8,-1.5561083286879137E-7
4040,-2.9412087069835825E-8,-1.5003351891235338E-7
4050,-2.7954852079573862E-8,-1.4465727179082768E-7
4060,-2.6564065565456587E-8,-1.39474802558225E-7
4070,-2.5236841155058118E-8,-1.344790878864747E-7
4080,-2.3970413956772734E-8,-1.2966336033876317E-7
4090,-2.2762135557956758E-8,-1.2502109900065646E-7
4100,-2.1609469225754542E-8,-1.2054602045579194E-7
4110,-2.050998530249309E-8,-1.1623207009341431E-7
4120,-1.9461356787852634E-8,-1.1207341373550259E-7
4130,-1.8461355100328882E-8,-1.0806442957168897E-7
4140,-1.750784601080037E-8,-1.0419970039060779E-7
4150,-1.6598785741299204E-8,-1.0047400609673369E-7
4160,-1.5732217222358018E-8,-9.688231650217364E-8
4170,-1.490626650256892E-8,-9.341978438326744E-8
4180,-1.4119139304243379E-8,-9.008173879222728E-8
4190,-1.336911771930472E-8,-8.686367861440895E-8
4200,-1.2654557039778498E-8,-8.37612663621551E-8
4210,-1.1973882717469994E-8,-8.077032219648687E-8
4220,-1.1325587447633463E-8,-7.788681816824309E-8
4230,-1.0708228371644506E-8,-7.510687267057674E-8
4240,-1.0120424393885762E-8,-7.242674509501856E-8
4250,-9.560853608246562E-9,-6.984283068360524E-8
4260,-9.028250829820854E-9,-6.73516555698475E-8
4270,-8.521405227563426E-9,-6.494987200158094E-8
4280,-8.039158053833577E-9,-6.263425373899922E-8
4290,-7.580400466917884E-9,-6.04016916214176E-8
4300,-7.144071442779476E-9,-5.824918929655295E-8
4310,-6.729155772431129E-9,-5.6173859106336465E-8
4320,-6.3346821414733335E-9,-5.417291812349628E-8
4330,-5.959721288476557E-9,-5.2243684333360305E-8
4340,-5.603384239019794E-9,-5.038357295553476E-8
4350,-5.264820612324631E-9,-4.8590092900311164E-8
4360,-4.9432169975468235E-9,-4.686084335484498E-8
4370,-4.63779539690456E-9,-4.519351049433218E-8
4380,-4.347811732935673E-9,-4.358586431358598E-8
4390,-4.072554417284379E-9,-4.203575557458647E-8
4400,-3.811342978522249E-9,-4.054111286573864E-8
4410,-3.5635267466080783E-9,-3.9099939768732206E-8
4420,-3.3284835916873018E-9,-3.771031212904814E-8
4430,-3.1056187150238506E-9,-3.637037542630268E-8
4440,-2.8943634899457663E-9,-3.507834224076031E-8
4450,-2.6941743507710607E-9,-3.383248981248247E-8
4460,-2.504531727761756E-9,-3.263115768970924E-8
4470,-2.3249390262325836E-9,-3.1472745463196614E-8
4480,-2.1549216480160527E-9,-3.0355710583352945E-8
4490,-1.994026053557762E-9,-2.927856625713456E-8
4500,-1.8418188629854372E-9,-2.823987942177261E-8
4510,-1.697885994561633E-9,-2.7238268792511152E-8
4520,-1.5618318389941282E-9,-2.627240298164043E-8
4530,-1.4332784681394477E-9,-2.5340998686209417E-8
4540,-1.3118648766939203E-9,-2.44428189418981E-8
4550,-1.19724625552338E-9,-2.3576671440622798E-8
4560,-1.089093295336899E-9,-2.2741406909537198E-8
4570,-9.870915194622911E-10,-2.1935917549177896E-8
4580,-8.909406445311016E-10,-2.1159135528586154E-8
4590,-8.003539679290621E-10,-2.0410031535317413E-8
4600,-7.150577809140915E-10,-1.9687613378326984E-8
4610,-6.34790806348391E-10,-1.899092464179437E-8
4620,-5.593036600336515E-10,-1.831904338802006E-8
4630,-4.883583346793876E-10,-1.7671080907597238E-8
4640,-4.2172770557360215E-10,-1.7046180515126998E-8
4650,-3.5919505706268834E-10,-1.6443516388809368E-8
4660,-3.005536289836432E-10,-1.5862292452303815E-8
4670,-2.456061822264227E-10,-1.5301741297311946E-8
4680,-1.941645826375504E-10,-1.4761123145391956E-8
4690,-1.4604940250815818E-10,-1.4239724847569311E-8
4700,-1.0108953892029451E-10,-1.3736858920360841E-8
4710,-5.912184825488369E-11,-1.3251862616880177E-8
4720,-1.999079619296399E-11,-1.2784097031741559E-8
4730,1.6451877430937056E-11,-1.233294623852608E-8
4740,5.034747953841324E-11,-1.1897816458619848E-8
4750,8.183067106981316E-11,-1.1478135260277315E-8
4760,1.1102976116594534E-10,-1.1073350786805095E-8
4770,1.380669888118222E-10,-1.0682931012802157E-8
4780,1.6305879246328456E-10,-1.0306363027431405E-8
4790,1.8611606815610796E-10,-9.943152343735162E-9
4800,2.0734441657678838E-10,-9.592822233043442E-9
4810,2.2684437955465308E-10,-9.254913083558723E-9
4820,2.4471166641616004E-10,-8.92898178223454E-9
4830,2.61037370624211E-10,-8.614601119097673E-9
4840,2.759081771080222E-10,-8.311359213194773E-9
4850,2.894065606725058E-10,-8.018858959374429E-9
4860,3.01610975860143E-10,-7.736717495144509E-9
4870,3.125960386230959E-10,-7.464565686872523E-9
4880,3.2243270014860933E-10,-7.202047634623591E-9
4890,3.3118841316666216E-10,-6.948820194956432E-9
4900,3.3892729105535995E-10,-6.7045525210227E-9
4910,3.4571026004655947E-10,-6.468925619338974E-9
4920,3.515952048218025E-10,-6.241631922623818E-9
4930,3.566371077766914E-10,-6.022374878114551E-9
4940,3.60888182220399E-10,-5.8108685507998325E-9
4950,3.643979997659996E-10,-5.606837241024778E-9
4960,3.6721361215679504E-10,-5.410015115945249E-9
4970,3.693796677636653E-10,-5.22014585432705E-9
4980,3.7093852297879566E-10,-5.036982304204291E-9
4990,3.719303487218038E-10,-4.8602861529288625E-9
5000,3.7239323226537174E-10,-4.689827609160182E-9
5010,3.723632745789195E-10,-4.5253850963607555E-9
5020,3.7187468338062475E-10,-4.366744957379079E-9
5030,3.709598620802177E-10,-4.2137011697166295E-9
5040,3.696494947874247E-10,-4.06605507109048E-9
5050,3.6797262755365186E-10,-3.923615094917243E-9
5060,3.6595674600756794E-10,-3.786196515357738E-9
5070,3.6362784953855156E-10,-3.653621201574948E-9
5080,3.610105221755692E-10,-3.52571738087051E-9
5090,3.581280003029076E-10,-3.402319410377222E-9
5100,3.55002237348293E-10,-3.283267556996826E-9
5110,3.5165396557327556E-10,-3.1684077852836454E-9
5120,3.481027550903408E-10,-3.057591552985627E-9
5130,3.443670702260115E-10,-2.950675613964814E-9
5140,3.4046432334421583E-10,-2.8475218282294606E-9
5150,3.3641092623941927E-10,-2.747996978819742E-9
5160,3.3222233920442947E-10,-2.6519725952984343E-9
5170,3.2791311787339164E-10,-2.559324783607003E-9
5180,3.2349695793626985E-10,-2.469934062056272E-9
5190,3.1898673781707047E-10,-2.3836852032292674E-9
5200,3.1439455940418515E-10,-2.300467081581917E-9
5210,3.097317869175127E-10,-2.220172526535121E-9
5220,3.05009083993458E-10,-2.142698180859206E-9
5230,3.002364490654842E-10,-2.0679443641590478E-9
5240,2.9542324911461793E-10,-1.995814941275109E-9
5250,2.9057825186117055E-10,-1.9262171954223766E-9
5260,2.857096564659197E-10,-1.859061705895663E-9
5270,2.808251228061114E-10,-1.7942622301759762E-9
5280,2.759317993888757E-10,-1.7317355902786805E-9
5290,2.7103634996199105E-10,-1.6714015631899635E-9
5300,2.6614497887939167E-10,-1.6131827752437108E-9
5310,2.6126345527637394E-10,-1.5570046002962677E-9
5320,2.5639713610711737E-10,-1.5027950615617488E-9
5330,2.515509880948985E-10,-1.4504847369755497E-9
5340,2.467296086432252E-10,-1.400006667958529E-9
5350,2.419372457540651E-10,-1.3512962714589586E-9
5360,2.371778169973627E-10,-1.3042912551538098E-9
5370,2.3245492757415585E-10,-1.2589315356952435E-9
5380,2.277718875137855E-10,-1.2151591598923186E-9
5390,2.2313172804395948E-10,-1.1729182287219293E-9
5400,2.1853721717076362E-10,-1.1321548240668232E-9
5410,2.1399087450412293E-10,-1.0928169380822696E-9
5420,2.094949853626852E-10,-1.0548544050965121E-9
5430,2.0505161419063566E-10,-1.0182188359535874E-9
5440,2.0066261731755036E-10,-9.828635547104031E-10
5450,1.9632965509104937E-10,-9.487435376031706E-10
5460,1.9205420341072563E-10,-9.158153542013599E-10
5470,1.8783756469059108E-10,-8.840371106703194E-10
5480,1.8368087827609943E-10,-8.533683950665513E-10
5490,1.7958513034067285E-10,-8.237702245924014E-10
5500,1.755511632855777E-10,-7.952049947395626E-10
5510,1.715796846659526E-10,-7.676364302533615E-10
5520,1.6767127566479854E-10,-7.410295378522505E-10
5530,1.638263991357898E-10,-7.153505606393134E-10
5540,1.6004540723484818E-10,-6.905669341448722E-10
5550,1.5632854865955167E-10,-6.666472439414903E-10
5560,1.526759755146115E-10,-6.435611847747966E-10
5570,1.490877498208483E-10,-6.212795211555956E-10
5580,1.455638496843326E-10,-5.997740493607044E-10
5590,1.4210417514161804E-10,-5.790175607918606E-10
5600,1.3870855369629437E-10,-5.589838066438735E-10
5610,1.3537674556141087E-10,-5.396474638349597E-10
5620,1.321084486216773E-10,-5.209841021539025E-10
5630,1.289033031287324E-10,-5.029701525803163E-10
5640,1.2576089614217817E-10,-4.85582876735876E-10
5650,1.22680765728511E-10,-4.688003374258935E-10
5660,1.196624049295423E-10,-4.52601370232091E-10
5670,1.167052655113791E-10,-4.369655561188345E-10
5680,1.1380876150454269E-10,-4.2187319501645467E-10
5690,1.1097227254532435E-10,-4.0730528034659176E-10
5700,1.0819514702802712E-10,-3.9324347445577125E-10
5710,1.0547670507730376E-10,-3.7967008492463274E-10
5720,1.028162413493883E-10,-3.6656804172141214E-10
5730,1.0021302767061738E-10,-3.5392087516940723E-10
5740,9.766631552125956E-11,-3.4171269469925245E-10
5750,9.517533837230374E-11,-3.299281683578751E-10
5760,9.27393138825111E-11,-3.185525030470241E-10
5770,9.035744596270047E-11,-3.075714254652361E-10
5780,8.802892671391827E-11,-2.9697116372804704E-10
5790,8.57529382458392E-11,-2.8673842964216407E-10
5800,8.352865438145185E-11,-2.768604016101878E-10
5810,8.135524225380463E-11,-2.673247081433176E-10
5820,7.92318638003197E-11,-2.5811941196028497E-10
5830,7.715767715992893E-11,-2.492329946515433E-10
5840,7.513183797804026E-11,-2.4065434188849717E-10
5850,7.315350062411094E-11,-2.3237272915828092E-10
5860,7.122181932637989E-11,-2.2437780800529882E-10
5870,6.93359492280995E-11,-2.1665959276141244E-10
5880,6.749504736940258E-11,-2.0920844774731496E-10
5890,6.569827359874538E-11,-2.0201507492825764E-10
5900,6.394479141768222E-11,-1.950705020078994E-10
5910,6.223376876254856E-11,-1.8836607094463438E-10
5920,6.05643787264599E-11,-1.8189342687531276E-10
5930,5.893580022487133E-11,-1.756445074318139E-10
5940,5.734721860778748E-11,-1.6961153243645102E-10
5950,5.579782622156416E-11,-1.6378699396269167E-10
5960,5.428682292310185E-11,-1.5816364674816222E-10
5970,5.281341654909552E-11,-1.527344989473732E-10
5980,5.137682334287646E-11,-1.47492803212052E-10
5990,4.9976268341258224E-11,-1.4243204808740514E-10
6000,4.8610985723681125E-11,-1.3754594971305E-10
6010,4.728021912583741E-11,-1.328284438177606E-10
6020,4.598322191985162E-11,-1.2827367799756047E-10
6030,4.471925746298843E-11,-1.23876004267071E-10
6040,4.348759931676248E-11,-1.1962997187438568E-10
6050,4.2287531438230866E-11,-1.155303203700882E-10
6060,4.111834834516085E-11,-1.1157197292136958E-10
6070,3.997935525667923E-11,-1.077500298625225E-10
6080,3.886986821092972E-11,-1.0405976247340375E-10
6090,3.778921416118659E-11,-1.0049660697775639E-10
6100,3.6736731051799685E-11,-9.705615875357363E-11
6110,3.5711767875274823E-11,-9.373416674796585E-11
6120,3.471368471172725E-11,-9.052652808926228E-11
6130,3.374185275188138E-11,-8.742928288933825E-11
6140,3.279565430472905E-11,-8.443860922940988E-11
6150,3.187448279090068E-11,-8.155081832277961E-11
6160,3.0977742722748053E-11,-7.876234984824877E-11
6170,3.0104849672084563E-11,-7.606976744813797E-11
6180,2.9255230226478844E-11,-7.346975438507233E-11
6190,2.8428321934949314E-11,-7.095910935189786E-11
6200,2.762357324386177E-11,-6.853474242929559E-11
6210,2.6840443423788576E-11,-6.619367118585464E-11
6220,2.607840248804666E-11,-6.393301691555229E-11
6230,2.5336931103591973E-11,-6.175000100776917E-11
6240,2.461552049491072E-11,-5.964194144514158E-11
6250,2.391367234151171E-11,-5.760624942472079E-11
6260,2.3230898669590406E-11,-5.56404260980702E-11
6270,2.2566721738402817E-11,-5.3742059426087344E-11
6280,2.1920673921856498E-11,-5.190882114448792E-11
6290,2.129229758579696E-11,-5.0138463836033615E-11
6300,2.0681144961439543E-11,-4.842881810572514E-11
6310,2.0086778015370825E-11,-4.677778985531651E-11
6320,1.950876831651815E-11,-4.5183357653636516E-11
6330,1.8946696900461993E-11,-4.3643570199328035E-11
6340,1.8400154131443498E-11,-4.215654387273701E-11
6350,1.7868739562397482E-11,-4.072046037379868E-11
6360,1.7352061793321206E-11,-3.933356444288134E-11
6370,1.684973832826931E-11,-3.799416166165554E-11
6380,1.636139543124733E-11,-3.670061633116132E-11
6390,1.5886667981258257E-11,-3.545134942434623E-11
6400,1.5425199326740345E-11,-3.424483661044424E-11
6410,1.4976641139618416E-11,-3.307960634865871E-11
6420,1.4540653269176053E-11,-3.195423804870296E-11
6430,1.4116903595941848E-11,-3.0867360295838846E-11
6440,1.3705067885769611E-11,-2.981764913813751E-11
6450,1.3304829644279539E-11,-2.88038264337673E-11
6460,1.2915879971815466E-11,-2.7824658256191815E-11
6470,1.2537917419061837E-11,-2.687895335523599E-11
6480,1.2170647843453314E-11,-2.5965561672050884E-11
6490,1.181378426649975E-11,-2.5083372906077478E-11
6500,1.1467046732139537E-11,-2.423131513217718E-11
6510,1.1130162166225293E-11,-2.34083534661618E-11
6520,1.080286423723728E-11,-2.261348877701834E-11
6530,1.0484893218311681E-11,-2.1845756444184367E-11
6540,1.0175995850663387E-11,-2.1104225158288038E-11
6550,9.875925208475453E-12,-2.0387995763822942E-11
6560,9.584440565320823E-12,-1.9696200142282207E-11
6570,9.301307262175289E-12,-1.9028000134328522E-11
6580,9.026296577074681E-12,-1.8382586499627083E-11
6590,8.75918559646356E-12,-1.7759177913017143E-11
6600,8.499757088277276E-12,-1.715701999574463E-11
6610,8.247799376794293E-12,-1.6575384380523548E-11
6620,8.003106219290856E-12,-1.6013567809237426E-11
6630,7.76547668452562E-12,-1.5470891262134114E-11
6640,7.534715033077757E-12,-1.4946699117407846E-11
6650,7.310630599558063E-12,-1.4440358340101436E-11
6660,7.093037676708928E-12,-1.395125769929929E-11
6670,6.881755401405616E-12,-1.3478807012618288E-11
6680,6.676607642568082E-12,-1.3022436417038593E-11
6690,6.4774228909895314E-12,-1.2581595665150311E-11
6700,6.2840341510851404E-12,-1.2155753445924563E-11
6710,6.0962788345617435E-12,-1.1744396729148957E-11
6720,5.91399865600686E-12,-1.134703013269783E-11
6730,5.73703953039315E-12,-1.0963175311836881E-11
6740,5.5652514724923426E-12,-1.0592370369790056E-11
6750,5.398488498190664E-12,-1.0234169288823768E-11
6760,5.236608527696035E-12,-9.888141381129794E-12
6770,5.079473290625649E-12,-9.553870758813547E-12
6780,4.926948232960962E-12,-9.230955822318809E-12
6790,4.778902425855749E-12,-8.919008766643628E-12
6800,4.6352084762815996E-12,-8.617655104724777E-12
6810,4.4957424394939574E-12,-8.326533207390087E-12
6820,4.360383733300838E-12,-8.045293859299177E-12
6830,4.229015054115271E-12,-7.773599830313436E-12
6840,4.101522294771668E-12,-7.51112546175579E-12
6850,3.977794464085518E-12,-7.257556267039844E-12
6860,3.857723608135026E-12,-7.012588546166188E-12
6870,3.741204733242753E-12,-6.7759290136014055E-12
6880,3.6281357306346173E-12,-6.54729443907229E-12
6890,3.5184173027532355E-12,-6.326411300824258E-12
6900,3.4119528912020382E-12,-6.11301545090878E-12
6910,3.308648606296243E-12,-5.906851792079906E-12
6920,3.2084131581964586E-12,-5.707673965894784E-12
6930,3.111157789600375E-12,-5.515244051627219E-12
6940,3.0167962099678035E-12,-5.329332275617114E-12
6950,2.9252445312541256E-12,-5.149716730691817E-12
6960,2.8364212051270896E-12,-4.976183105308218E-12
6970,2.7502469616417712E-12,-4.808524422076719E-12
6980,2.666644749348499E-12,-4.6465407853401314E-12
6990,2.58553967680847E-12,-4.490039137491978E-12
7000,2.5068589554918232E-12,-4.338833023729769E-12
7010,2.430531844032977E-12,-4.192742364949484E-12
7020,2.356489593818082E-12,-4.051593238497773E-12
7030,2.2846653958795653E-12,-3.915217666508367E-12
7040,2.2149943290728383E-12,-3.783453411558697E-12
7050,2.147413309510389E-12,-3.656143779392036E-12
7060,2.081861041228644E-12,-3.53313742845937E-12
7070,2.018277968063166E-12,-3.4142881860437786E-12
7080,1.956606226707952E-12,-3.2994548707384612E-12
7090,1.8967896009348084E-12,-3.188501121057521E-12
7100,1.8387734769490126E-12,-3.08129522996634E-12
7110,1.7825047998577226E-12,-2.977709985125858E-12
7120,1.727932031227829E-12,-2.8776225146522406E-12
7130,1.6750051077102407E-12,-2.780914138200369E-12
7140,1.6236754007078483E-12,-2.6874702231862807E-12
7150,1.5738956770647043E-12,-2.5971800459701458E-12
7160,1.525620060754256E-12,-2.509936657827595E-12
7170,1.4788039955447624E-12,-2.425636755543239E-12
7180,1.433404208620337E-12,-2.3441805564660055E-12
7190,1.3893786751363684E-12,-2.265471677871539E-12
7200,1.3466865836883871E-12,-2.1894170204822813E-12
7210,1.3052883026737755E-12,-2.115926656001097E-12
7220,1.2651453475260274E-12,-2.044913718519309E-12
7230,1.2262203488016073E-12,-1.9762942996648734E-12
7240,1.1884770210997765E-12,-1.909987347361107E-12
7250,1.1518801327960866E-12,-1.8459145680708958E-12
7260,1.1163954765705756E-12,-1.7840003324056645E-12
7270,1.081989840712031E-12,-1.7241715839826112E-12
7280,1.0486309811800113E-12,-1.666357751417751E-12
7290,1.0162875944066618E-12,-1.6104906633462436E-12
7300,9.849292908206777E-13,-1.5565044663652492E-12
7310,9.545265690761032E-13,-1.504335545798212E-12
7320,9.250507909689863E-13,-1.45392244918298E-12
7330,8.964741570252278E-13,-1.4052058123895805E-12
7340,8.687696827432966E-13,-1.35812828827673E-12
7350,8.419111754757981E-13,-1.312634477799333E-12
7360,8.158732119342047E-13,-1.2686708634822685E-12
7370,7.90631116301376E-13,-1.2261857451787132E-12
7380,7.661609389368091E-13,-1.1851291780340867E-12
7390,7.424394356598671E-13,-1.1454529125794483E-12
7400,7.194440475965477E-13,-1.107110336880826E-12
7410,6.971528815756517E-13,-1.070056420673502E-12
7420,6.75544691060516E-13,-1.0342476614127577E-12
7430,6.545988576027694E-13,-9.996420321749438E-13
7440,6.342953728048647E-13,-9.66198931345051E-13
7450,6.146148207784289E-13,-9.338791340291644E-13
7460,5.955383610857566E-13,-9.026447451323208E-13
7470,5.770477121520556E-13,-8.724591540443589E-13
7480,5.591251351363288E-13,-8.432869908783374E-13
7490,5.417534182490481E-13,-8.150940842080194E-13
7500,5.249158615050476E-13,-7.878474202527777E-13
7510,5.085962619003226E-13,-7.61515103460063E-13
7520,4.927788990016859E-13,-7.360663184373088E-13
7530,4.774485209384847E-13,-7.114712931868071E-13
7540,4.625903307858328E-13,-6.877012635987075E-13
7550,4.481899733290619E-13,-6.64728439158837E-13
7560,4.3423352219933535E-13,-6.425259698295422E-13
7570,4.2070746737060664E-13,-6.210679140631991E-13
7580,4.075987030083388E-13,-6.003292079094365E-13
7590,3.948945156606311E-13,-5.802856351784602E-13
7600,3.8258257278262195E-13,-5.609137986241738E-13
7610,3.706509115852585E-13,-5.421910921120404E-13
7620,3.5908792819974277E-13,-5.240956737378466E-13
7630,3.4788236714917053E-13,-5.066064398646979E-13
7640,3.370233111190928E-13,-4.897030000467034E-13
7650,3.2650017101892913E-13,-4.733656528088977E-13
7660,3.163026763263649E-13,-4.575753622540016E-13
7670,3.064208657070577E-13,-4.423137354676353E-13
7680,2.9684507790217083E-13,-4.2756300069458146E-13
7690,2.875659428764384E-13,-4.1330598625963887E-13
7700,2.7857437321965145E-13,-3.9952610020752155E-13
7710,2.698615557946321E-13,-3.8620731063714094E-13
7720,2.6141894362493963E-13,-3.733341267064569E-13
7730,2.5323824801572426E-13,-3.6089158028490736E-13
7740,2.453114309013116E-13,-3.488652082312179E-13
7750,2.3763069741326594E-13,-3.3724103527515767E-13
7760,2.301884886628412E-13,-3.2600555748254793E-13
7770,2.229774747318847E-13,-3.1514572628354205E-13
7780,2.159905478664132E-13,-3.046489330448839E-13
7790,2.092208158672305E-13,-2.945029941675166E-13
7800,2.026615956721023E-13,-2.846961366915562E-13
7810,1.963064071241477E-13,-2.7521698439126097E-13
7820,1.901489669212457E-13,-2.660545443432294E-13
7830,1.8418318274139344E-13,-2.5719819395163317E-13
7840,1.7840314753908404E-13,-2.4863766841485065E-13
7850,1.7280313400790402E-13,-2.40363048618404E-13
7860,1.6737758920467713E-13,-2.3236474943962234E-13
7870,1.6212112933060452E-13,-2.246335084499539E-13
7880,1.5702853466497383E-13,-2.1716037500133533E-13
7890,1.5209474464712695E-13,-2.0993669968349295E-13
7900,1.47314853102492E-13,-2.0295412413950128E-13
7910,1.4268410360859784E-13,-1.9620457122736103E-13
7920,1.3819788499709894E-13,-1.8968023551577758E-13
7930,1.3385172698794512E-13,-1.8337357410272827E-13
7940,1.296412959519368E-13,-1.7727729774579776E-13
7950,1.2556239079800584E-13,-1.713843622936396E-13
7960,1.216109389816638E-13,-1.6568796040828703E-13
7970,1.1778299263115453E-13,-1.601815135683893E-13
7980,1.1407472478794342E-13,-1.5485866434378952E-13
7990,1.1048242575826738E-13,-1.4971326893218945E-13
8000,1.070024995725592E-13,-1.447393899489636E-13
8010,1.036314605496478E-13,-1.3993128946149204E-13
8020,1.0036592996272047E-13,-1.3528342225967618E-13
8030,9.720263280411703E-14,-1.307904293545889E-13
8040,9.413839464610587E-14,-1.2644713169748479E-13
8050,9.117013859487146E-14,-1.2224852411166352E-13
8060,8.829488233501899E-14,-1.1818976942993655E-13
8070,8.55097352619774E-14,-1.1426619283069462E-13
8080,8.281189569975375E-14,-1.1047327636581494E-13
8090,8.019864820156427E-14,-1.0680665367387657E-13
8100,7.766736093093527E-14,-1.0326210487237763E-13
8110,7.52154831209349E-14,-9.983555162286279E-14
8120,7.284054260926258E-14,-9.65230523630782E-14
8130,7.054014344698588E-14,-9.332079770047234E-14
8140,6.831196357877743E-14,-9.022510596155545E-14
8150,6.615375259256473E-14,-8.723241889181783E-14
8160,6.40633295365641E-14,-8.433929750108849E-14
8170,6.203858080172811E-14,-8.154241804939052E-14
8180,6.007745806769061E-14,-7.883856816851865E-14
8190,5.817797631034876E-14,-7.622464311472732E-14
8200,5.633821186927297E-14,-7.369764214807535E-14
8210,5.4556300573188524E-14,-7.125466503412521E-14
8220,5.283043592182119E-14,-6.889290866384196E-14
8230,5.115886732244875E-14,-6.660966378767861E-14
8240,4.9539898379547243E-14,-6.440231185997166E-14
8250,4.7971885235966704E-14,-6.226832198990303E-14
8260,4.6453234964116224E-14,-6.020524799541191E-14
8270,4.4982404005681374E-14,-5.821072555656401E-14
8280,4.3557896658439554E-14,-5.628246946500407E-14
8290,4.217826360878004E-14,-5.441827096623331E-14
8300,4.0842100508575445E-14,-5.261599519156396E-14
8310,3.954804659509031E-14,-5.087357867671059E-14
8320,3.829478335265045E-14,-4.918902696408155E-14
8330,3.7081033214833496E-14,-4.756041228593386E-14
8340,3.590555830597679E-14,-4.5985871325651444E-14
8350,3.4767159220833766E-14,-4.4463603054500016E-14
8360,3.3664673841243677E-14,-4.299186664130206E-14
8370,3.2596976188712464E-14,-4.1568979432562267E-14
8380,3.1562975311834615E-14,-4.019331500065798E-14
8390,3.056161420751681E-14,-3.886330125779031E-14
8400,2.959186877499457E-14,-3.757741863347005E-14
8410,2.865274680166228E-14,-3.633419831338807E-14
8420,2.7743286979765742E-14,-3.513222053759327E-14
8430,2.686255795303399E-14,-3.397011295597167E-14
8440,2.6009657392354082E-14,-3.28465490390882E-14
8450,2.5183711099618943E-14,-3.1760246542519204E-14
8460,2.4383872138903568E-14,-3.070996602286671E-14
8470,2.360931999414984E-14,-2.969450940370728E-14
8480,2.2859259752564163E-14,-2.8712718589787736E-14
8490,2.2132921312955447E-14,-2.776347412783694E-14
8500,2.1429558618263774E-14,-2.6845693912418753E-14
8510,2.0748448911552046E-14,-2.5958331935304243E-14
8520,2.008889201475439E-14,-2.5100377076893355E-14
8530,1.9450209629495817E-14,-2.427085193826574E-14
8540,1.8831744659318013E-14,-2.346881171248889E-14
8550,1.8232860552665567E-14,-2.269334309385821E-14
8560,1.7652940666006213E-14,-2.194356322378858E-14
8570,1.709138764647706E-14,-2.1218618672120447E-14
8580,1.654762283346684E-14,-2.0517684452645356E-14
8590,1.6021085678561627E-14,-1.9839963071696495E-14
8600,1.5511233183298565E-14,-1.9184683608688744E-14
8610,1.501753935418846E-14,-1.8551100827530777E-14
8620,1.453949467448427E-14,-1.793849431786802E-14
8630,1.4076605592187971E-14,-1.734616766515085E-14
8640,1.3628394023803366E-14,-1.6773447648556104E-14
8650,1.3194396873357128E-14,-1.6219683465823244E-14
8660,1.2774165566224573E-14,-1.568424598409815E-14
8670,1.236726559731044E-14,-1.5166527015908122E-14
8680,1.197327609314842E-14,-1.4665938619421577E-14
8690,1.1591789387496207E-14,-1.4181912422174373E-14
8700,1.1222410610015443E-14,-1.3713898967472484E-14
8710,1.0864757287638258E-14,-1.3261367082707432E-14
8720,1.0518458958233995E-14,-1.282380326884675E-14
8730,1.0183156796201305E-14,-1.2400711110386688E-14
8740,9.858503249622014E-15,-1.1991610705078477E-14
8750,9.544161688624072E-15,-1.1596038112762724E-14
8760,9.239806064611478E-15,-1.1213544822669068E-14
8770,8.945120580029363E-15,-1.0843697238559884E-14
8780,8.659799368342358E-15,-1.048607618111787E-14
8790,8.383546183914077E-15,-1.01402764069976E-14
8800,8.116074101484943E-15,-9.805906143980696E-15
8810,7.857105224954657E-15,-9.482586641693286E-15
8820,7.606370405184535E-15,-9.169951737362557E-15
8830,7.363608966543451E-15,-8.867647436107028E-15
8840,7.128568441929509E-15,-8.575331505272085E-15
8850,6.901004316007609E-15,-8.292673082338935E-15
8860,6.680679776410996E-15,-8.019352295950954E-15
8870,6.4673654726623985E-15,-7.755059899616875E-15
8880,6.2608392825778195E-15,-7.49949691766504E-15
8890,6.060886085923214E-15,-7.252374303037402E-15
8900,5.867297545101203E-15,-7.01341260652573E-15
8910,5.679871892651769E-15,-6.782341657065946E-15
8920,5.498413725357395E-15,-6.558900252719455E-15
8930,5.322733804749494E-15,-6.342835861982819E-15
8940,5.152648863819116E-15,-6.133904335079232E-15
8950,4.987981419740926E-15,-5.931869624896931E-15
8960,4.8285595924252225E-15,-5.736503517250947E-15
8970,4.674216928718433E-15,-5.5475853701555104E-15
8980,4.524792232077951E-15,-5.364901861804962E-15
8990,4.3801293975524886E-15,-5.188246746971172E-15
9000,4.240077251904294E-15,-5.017420621535331E-15
9010,4.104489398714492E-15,-4.8522306948814526E-15
9020,3.973224068317739E-15,-4.692490569888118E-15
9030,3.846143972416993E-15,-4.538020030263846E-15
9040,3.723116163233807E-15,-4.388644834980051E-15
9050,3.604011897053939E-15,-4.24419651956383E-15
9060,3.488706502032363E-15,-4.1045122040208056E-15
9070,3.3770792501259245E-15,-3.969434407165985E-15
9080,3.269013233025903E-15,-3.838810867148071E-15
9090,3.1643952419666586E-15,-3.712494367959855E-15
9100,3.0631156512903212E-15,-3.590342571734318E-15
9110,2.96506830565117E-15,-3.4722178566327763E-15
9120,2.870150410746898E-15,-3.3579871601379324E-15
9130,2.7782624274674294E-15,-3.2475218275709746E-15
9140,2.689307969355298E-15,-3.140697465657944E-15
9150,2.603193703274855E-15,-3.037393800976461E-15
9160,2.519829253190717E-15,-2.9374945431195717E-15
9170,2.439127106958942E-15,-2.8408872524189666E-15
9180,2.361002526037353E-15,-2.7474632120751015E-15
9190,2.285373458024348E-15,-2.657117304546894E-15
9200,2.212160451938277E-15,-2.5697478920585893E-15
9210,2.1412865761522086E-15,-2.485256701086187E-15
9220,2.0726773389015057E-15,-2.403548710690428E-15
9230,2.006260611284181E-15,-2.3245320445678012E-15
9240,1.941966552676471E-15,-2.248117866695357E-15
9250,1.879727538488444E-15,-2.1742202804492547E-15
9260,1.8194780901867925E-15,-2.102756231081026E-15
9270,1.761154807514191E-15,-2.033645411439403E-15
9280,1.704696302836785E-15,-1.9668101708293382E-15
9290,1.650043137553493E-15,-1.9021754269034556E-15
9300,1.5971377605028424E-15,-1.839668580484711E-15
9310,1.5459244483050494E-15,-1.7792194332224036E-15
9320,1.4963492475789783E-15,-1.720760107986977E-15
9330,1.4483599189754797E-15,-1.6642249719122098E-15
9340,1.4019058829704162E-15,-1.6095505619964604E-15
9350,1.3569381673624361E-15,-1.5566755131775839E-15
9360,1.3134093564222597E-15,-1.5055404887990065E-15
9370,1.271273541641887E-15,-1.4560881133871947E-15
9380,1.23048627403373E-15,-1.4082629076634362E-15
9390,1.1910045179312346E-15,-1.3620112257154286E-15
9400,1.1527866062440376E-15,-1.3172811942566555E-15
9410,1.1157921971221797E-15,-1.2740226539039575E-15
9420,1.0799822319852924E-15,-1.2321871024060111E-15
9430,1.0453188948740489E-15,-1.1917276397577055E-15
9440,1.0117655730824965E-15,-1.1525989151375598E-15
9450,9.792868190311664E-16,-1.1147570756074349E-15
9460,9.478483133421081E-16,-1.0781597165158305E-15
9470,9.174168290782007E-16,-1.0427658335480062E-15
9480,8.879601971102586E-16,-1.0085357763680818E-15
9490,8.59447272576592E-16,-9.75431203800088E-16
9500,8.318479024007725E-16,-9.43415040496722E-16
9510,8.051328938344246E-16,-9.124514350462704E-16
9520,7.792739839928954E-16,-8.825057194698208E-16
9530,7.542438103526536E-16,-8.535443700624754E-16
9540,7.300158821802387E-16,-8.255349695338364E-16
9550,7.065645528635261E-16,-7.984461704045172E-16
9560,6.838649931169745E-16,-7.7224765961688645E-16
9570,6.618931650334172E-16,-7.46910124319639E-16
9580,6.406257969558024E-16,-7.224052187871442E-16
9590,6.200403591431264E-16,-6.987055324358202E-16
9600,6.001150402055999E-16,-6.757845589010468E-16
9610,5.808287242848711E-16,-6.536166661393436E-16
9620,5.62160968955881E-16,-6.321770675217207E-16
9630,5.440919838276586E-16,-6.114417938852451E-16
9640,5.266026098210716E-16,-5.913876665109636E-16
9650,5.09674299102237E-16,-5.719922709973891E-16
9660,4.932890956509574E-16,-5.532339319997832E-16
9670,4.77429616444198E-16,-5.350916888064572E-16
9680,4.620790332352407E-16,-5.175452717242804E-16
9690,4.4722105490976E-16,-5.005750792465032E-16
9700,4.328399104006487E-16,-4.841621559769067E-16
9710,4.189203321439934E-16,-4.682881712851507E-16
9720,4.054475400591481E-16,-4.52935398669034E-16
9730,3.924072260363897E-16,-4.3808669580018726E-16
9740,3.797855389161548E-16,-4.2372548523050196E-16
9750,3.675690699443591E-16,-4.0983573573735534E-16
9760,3.5574483868878736E-16,-3.9640194428642274E-16
9770,3.4430027940200965E-16,-3.834091185915721E-16
9780,3.3322322781673784E-16,-3.7084276025202304E-16
9790,3.225019083599776E-16,-3.586888484476082E-16
9800,3.1212492177275735E-16,-3.4693382417361555E-16
9810,3.0208123312263243E-16,-3.3556457499730623E-16
9820,2.923601601965636E-16,-3.245684203187972E-16
9830,2.8295136226215695E-16,-3.139330971195762E-16
9840,2.738448291856322E-16,-3.0364674618247184E-16
9850,2.6503087089524785E-16,-2.936978987674404E-16
9860,2.5650010717926967E-16,-2.840754637280519E-16
9870,2.482434578079089E-16,-2.747687150540591E-16
9880,2.402521329689899E-16,-2.657672798259221E-16
9890,2.325176240074286E-16,-2.570611265676273E-16
9900,2.2503169445891584E-16,-2.4864055398459864E-16
9910,2.1778637136849918E-16,-2.4049618007393245E-16
9920,2.1077393688505342E-16,-2.326189315946171E-16
9930,2.0398692012290906E-16,-2.2500003388580463E-16
9940,1.9741808928218653E-16,-2.1763100102160117E-16
9950,1.9106044401964714E-16,-2.1050362629122437E-16
9960,1.8490720806213147E-16,-2.0360997299374757E-16
9970,1.7895182205490414E-16,-1.9694236553700838E-16
9980,1.7318793663746687E-16,-1.9049338083060604E-16
9990,1.6760940573963533E-16,-1.8425583996324595E-16
